{
    "loss": 10.328447341918945,
    "accuracy": 0.5179855823516846
}