{
    "loss": 22.005409240722656,
    "accuracy": 0.5467625856399536
}